CIDADE;MESOREGIAO
ARARANGUA;SUL
ARMAZEM;SUL
BALNEARIO ARROIO DO SILVA;SUL
BALNEARIO GAIVOTA;SUL
BALNEARIO RINCAO;SUL
BRACO DO NORTE;SUL
CAPIVARI DE BAIXO;SUL
COCAL DO SUL;SUL
CRICIUMA;SUL
ERMO;SUL
FORQUILHINHA;SUL
GAROPABA;SUL
GRAO PARA;SUL
GRAVATAL;SUL
ICARA;SUL
IMARUI;SUL
IMBITUBA;SUL
JACINTO MACHADO;SUL
JAGUARUNA;SUL
LAGUNA;SUL
LAURO MULLER;SUL
MARACAJA;SUL
MELEIRO;SUL
MORRO DA FUMACA;SUL
MORRO GRANDE;SUL
NOVA VENEZA;SUL
ORLEANS;SUL
PASSO DE TORRES;SUL
PEDRAS GRANDES;SUL
PESCARIA BRAVA;SUL
PRAIA GRANDE;SUL
RIO FORTUNA;SUL
SANGAO;SUL
SANTA ROSA DE LIMA;SUL
SANTA ROSA DO SUL;SUL
SAO JOAO DO SUL;SUL
SAO LUDGERO;SUL
SAO MARTINHO;SUL
SIDEROPOLIS;SUL
SOMBRIO;SUL
TIMBE DO SUL;SUL
TREVISO;SUL
TREZE DE MAIO;SUL
TUBARAO;SUL
TURVO;SUL
URUSSANGA;SUL
AGUAS MORNAS;DA GRANDE FLORIANOPOLIS
ALFREDO WAGNER;DA GRANDE FLORIANOPOLIS
ANGELINA;DA GRANDE FLORIANOPOLIS
ANITAPOLIS;DA GRANDE FLORIANOPOLIS
ANTONIO CARLOS;DA GRANDE FLORIANOPOLIS
BIGUACU;DA GRANDE FLORIANOPOLIS
CANELINHA;DA GRANDE FLORIANOPOLIS
FLORIANOPOLIS;DA GRANDE FLORIANOPOLIS
GOVERNADOR CELSO RAMOS;DA GRANDE FLORIANOPOLIS
LEOBERTO LEAL;DA GRANDE FLORIANOPOLIS
MAJOR GERCINO;DA GRANDE FLORIANOPOLIS
NOVA TRENTO;DA GRANDE FLORIANOPOLIS
PALHOCA;DA GRANDE FLORIANOPOLIS
PAULO LOPES;DA GRANDE FLORIANOPOLIS
RANCHO QUEIMADO;DA GRANDE FLORIANOPOLIS
SANTO AMARO DA IMPERATRIZ;DA GRANDE FLORIANOPOLIS
SAO BONIFACIO;DA GRANDE FLORIANOPOLIS
SAO JOAO BATISTA;DA GRANDE FLORIANOPOLIS
SAO JOSE;DA GRANDE FLORIANOPOLIS
SAO PEDRO DE ALCANTARA;DA GRANDE FLORIANOPOLIS
TIJUCAS;DA GRANDE FLORIANOPOLIS
ARAQUARI;NORTE
BALNEARIO BARRA DO SUL;NORTE
BELA VISTA DO TOLDO;NORTE
CAMPO ALEGRE;NORTE
CANOINHAS;NORTE
CORUPA;NORTE
GARUVA;NORTE
GUARAMIRIM;NORTE
IRINEOPOLIS;NORTE
ITAIOPOLIS;NORTE
ITAPOA;NORTE
JARAGUA DO SUL;NORTE
JOINVILLE;NORTE
MAFRA;NORTE
MAJOR VIEIRA;NORTE
MASSARANDUBA;NORTE
MONTE CASTELO;NORTE
PAPANDUVA;NORTE
PORTO UNIAO;NORTE
RIO NEGRINHO;NORTE
SANTA TEREZINHA;NORTE
SAO BENTO DO SUL;NORTE
SAO FRANCISCO DO SUL;NORTE
SCHROEDER;NORTE
TIMBO GRANDE;NORTE
TRES BARRAS;NORTE
ABELARDO LUZ;OESTE
AGUA DOCE;OESTE
AGUAS DE CHAPECO;OESTE
AGUAS FRIAS;OESTE
ALTO BELA VISTA;OESTE
ANCHIETA;OESTE
ARABUTA;OESTE
ARROIO TRINTA;OESTE
ARVOREDO;OESTE
BANDEIRANTE;OESTE
BARRA BONITA;OESTE
BELMONTE;OESTE
BOM JESUS;OESTE
BOM JESUS DO OESTE;OESTE
CACADOR;OESTE
CAIBI;OESTE
CALMON;OESTE
CAMPO ERE;OESTE
CAPINZAL;OESTE
CATANDUVAS;OESTE
CAXAMBU DO SUL;OESTE
CHAPECO;OESTE
CONCORDIA;OESTE
CORDILHEIRA ALTA;OESTE
CORONEL FREITAS;OESTE
CORONEL MARTINS;OESTE
CUNHA PORA;OESTE
CUNHATAI;OESTE
DESCANSO;OESTE
DIONISIO CERQUEIRA;OESTE
ENTRE RIOS;OESTE
ERVAL VELHO;OESTE
FAXINAL DOS GUEDES;OESTE
FLOR DO SERTAO;OESTE
FORMOSA DO SUL;OESTE
FRAIBURGO;OESTE
GALVAO;OESTE
GUARACIABA;OESTE
GUARUJA DO SUL;OESTE
GUATAMBU;OESTE
HERVAL D OESTE;OESTE
IBIAM;OESTE
IBICARE;OESTE
IOMERE;OESTE
IPIRA;OESTE
IPORA DO OESTE;OESTE
IPUACU;OESTE
IPUMIRIM;OESTE
IRACEMINHA;OESTE
IRANI;OESTE
IRATI;OESTE
ITA;OESTE
ITAPIRANGA;OESTE
JABORA;OESTE
JARDINOPOLIS;OESTE
JOACABA;OESTE
JUPIA;OESTE
LACERDOPOLIS;OESTE
LAJEADO GRANDE;OESTE
LEBON REGIS;OESTE
LINDOIA DO SUL;OESTE
LUZERNA;OESTE
MACIEIRA;OESTE
MARAVILHA;OESTE
MAREMA;OESTE
MATOS COSTA;OESTE
MODELO;OESTE
MONDAI;OESTE
NOVA ERECHIM;OESTE
NOVA ITABERABA;OESTE
NOVO HORIZONTE;OESTE
OURO;OESTE
OURO VERDE;OESTE
PAIAL;OESTE
PALMA SOLA;OESTE
PALMITOS;OESTE
PARAISO;OESTE
PASSOS MAIA;OESTE
PERITIBA;OESTE
PINHALZINHO;OESTE
PINHEIRO PRETO;OESTE
PIRATUBA;OESTE
PLANALTO ALEGRE;OESTE
PONTE SERRADA;OESTE
PRESIDENTE CASTELLO BRANCO;OESTE
PRINCESA;OESTE
QUILOMBO;OESTE
RIO DAS ANTAS;OESTE
RIQUEZA;OESTE
ROMELANDIA;OESTE
SALTINHO;OESTE
SALTO VELOSO;OESTE
SANTA HELENA;OESTE
SANTA TEREZINHA DO PROGRESSO;OESTE
SANTIAGO DO SUL;OESTE
SAO BERNARDINO;OESTE
SAO CARLOS;OESTE
SAO DOMINGOS;OESTE
SAO JOAO DO OESTE;OESTE
SAO JOSE DO CEDRO;OESTE
SAO LOURENCO DO OESTE;OESTE
SAO MIGUEL DA BOA VISTA;OESTE
SAO MIGUEL DO OESTE;OESTE
SAUDADES;OESTE
SEARA;OESTE
SERRA ALTA;OESTE
SUL BRASIL;OESTE
TANGARA;OESTE
TIGRINHOS;OESTE
TREZE TILIAS;OESTE
TUNAPOLIS;OESTE
UNIAO DO OESTE;OESTE
VARGEAO;OESTE
VARGEM BONITA;OESTE
VIDEIRA;OESTE
XANXERE;OESTE
XAVANTINA;OESTE
XAXIM;OESTE
ABDON BATISTA;SERRANA
ANITA GARIBALDI;SERRANA
BOCAINA DO SUL;SERRANA
BOM JARDIM DA SERRA;SERRANA
BOM RETIRO;SERRANA
BRUNOPOLIS;SERRANA
CAMPO BELO DO SUL;SERRANA
CAMPOS NOVOS;SERRANA
CAPAO ALTO;SERRANA
CELSO RAMOS;SERRANA
CERRO NEGRO;SERRANA
CORREIA PINTO;SERRANA
CURITIBANOS;SERRANA
FREI ROGERIO;SERRANA
LAGES;SERRANA
MONTE CARLO;SERRANA
OTACILIO COSTA;SERRANA
PAINEL;SERRANA
PALMEIRA;SERRANA
PONTE ALTA;SERRANA
PONTE ALTA DO NORTE;SERRANA
RIO RUFINO;SERRANA
SANTA CECILIA;SERRANA
SAO CRISTOVAO DO SUL;SERRANA
SAO JOAQUIM;SERRANA
SAO JOSE DO CERRITO;SERRANA
URUBICI;SERRANA
URUPEMA;SERRANA
VARGEM;SERRANA
ZORTEA;SERRANA
AGROLANDIA;DO VALE DO ITAJAI
AGRONOMICA;DO VALE DO ITAJAI
APIUNA;DO VALE DO ITAJAI
ASCURRA;DO VALE DO ITAJAI
ATALANTA;DO VALE DO ITAJAI
AURORA;DO VALE DO ITAJAI
BALNEARIO CAMBORIU;DO VALE DO ITAJAI
BALNEARIO PICARRAS;DO VALE DO ITAJAI
BARRA VELHA;DO VALE DO ITAJAI
BENEDITO NOVO;DO VALE DO ITAJAI
BLUMENAU;DO VALE DO ITAJAI
BOMBINHAS;DO VALE DO ITAJAI
BOTUVERA;DO VALE DO ITAJAI
BRACO DO TROMBUDO;DO VALE DO ITAJAI
BRUSQUE;DO VALE DO ITAJAI
CAMBORIU;DO VALE DO ITAJAI
CHAPADAO DO LAGEADO;DO VALE DO ITAJAI
DONA EMMA;DO VALE DO ITAJAI
DOUTOR PEDRINHO;DO VALE DO ITAJAI
GASPAR;DO VALE DO ITAJAI
GUABIRUBA;DO VALE DO ITAJAI
IBIRAMA;DO VALE DO ITAJAI
ILHOTA;DO VALE DO ITAJAI
IMBUIA;DO VALE DO ITAJAI
INDAIAL;DO VALE DO ITAJAI
ITAJAI;DO VALE DO ITAJAI
ITAPEMA;DO VALE DO ITAJAI
ITUPORANGA;DO VALE DO ITAJAI
JOSE BOITEUX;DO VALE DO ITAJAI
LAURENTINO;DO VALE DO ITAJAI
LONTRAS;DO VALE DO ITAJAI
LUIZ ALVES;DO VALE DO ITAJAI
MIRIM DOCE;DO VALE DO ITAJAI
NAVEGANTES;DO VALE DO ITAJAI
PENHA;DO VALE DO ITAJAI
PETROLANDIA;DO VALE DO ITAJAI
POMERODE;DO VALE DO ITAJAI
PORTO BELO;DO VALE DO ITAJAI
POUSO REDONDO;DO VALE DO ITAJAI
PRESIDENTE GETULIO;DO VALE DO ITAJAI
PRESIDENTE NEREU;DO VALE DO ITAJAI
RIO DO CAMPO;DO VALE DO ITAJAI
RIO DO OESTE;DO VALE DO ITAJAI
RIO DO SUL;DO VALE DO ITAJAI
RIO DOS CEDROS;DO VALE DO ITAJAI
RODEIO;DO VALE DO ITAJAI
SALETE;DO VALE DO ITAJAI
SAO JOAO DO ITAPERIU;DO VALE DO ITAJAI
TAIO;DO VALE DO ITAJAI
TIMBO;DO VALE DO ITAJAI
TROMBUDO CENTRAL;DO VALE DO ITAJAI
VIDAL RAMOS;DO VALE DO ITAJAI
VITOR MEIRELES;DO VALE DO ITAJAI
WITMARSUM;DO VALE DO ITAJAI
